Hugo_Symbol,Variant_Classification,Tumor_Sample_Barcode,patient
TP53,Missense_Mutation,TCGA-05-4382-01,TCGA-05-4382
TP53,Missense_Mutation,TCGA-05-4384-01,TCGA-05-4384
TP53,Missense_Mutation,TCGA-05-4395-01,TCGA-05-4395
TP53,Frame_Shift_Del,TCGA-05-4396-01,TCGA-05-4396
TP53,Frame_Shift_Del,TCGA-05-4397-01,TCGA-05-4397
TP53,Missense_Mutation,TCGA-05-4398-01,TCGA-05-4398
TP53,Frame_Shift_Del,TCGA-05-4402-01,TCGA-05-4402
TP53,Missense_Mutation,TCGA-05-4405-01,TCGA-05-4405
TP53,Missense_Mutation,TCGA-05-4405-01,TCGA-05-4405
TP53,Missense_Mutation,TCGA-05-4410-01,TCGA-05-4410
TP53,Missense_Mutation,TCGA-05-4420-01,TCGA-05-4420
TP53,Missense_Mutation,TCGA-05-4424-01,TCGA-05-4424
TP53,Missense_Mutation,TCGA-05-4426-01,TCGA-05-4426
TP53,Missense_Mutation,TCGA-05-4427-01,TCGA-05-4427
TP53,Missense_Mutation,TCGA-05-4430-01,TCGA-05-4430
TP53,Nonsense_Mutation,TCGA-05-4432-01,TCGA-05-4432
TP53,Missense_Mutation,TCGA-05-4432-01,TCGA-05-4432
TP53,Nonsense_Mutation,TCGA-05-4433-01,TCGA-05-4433
TP53,Missense_Mutation,TCGA-05-5423-01,TCGA-05-5423
TP53,Missense_Mutation,TCGA-05-5423-01,TCGA-05-5423
TP53,Nonsense_Mutation,TCGA-05-5425-01,TCGA-05-5425
TP53,Missense_Mutation,TCGA-05-5428-01,TCGA-05-5428
TP53,Missense_Mutation,TCGA-17-Z001-01,TCGA-17-Z001
TP53,Missense_Mutation,TCGA-17-Z003-01,TCGA-17-Z003
TP53,Missense_Mutation,TCGA-17-Z005-01,TCGA-17-Z005
TP53,Missense_Mutation,TCGA-17-Z007-01,TCGA-17-Z007
TP53,Missense_Mutation,TCGA-17-Z015-01,TCGA-17-Z015
TP53,Missense_Mutation,TCGA-17-Z017-01,TCGA-17-Z017
TP53,Nonsense_Mutation,TCGA-17-Z020-01,TCGA-17-Z020
TP53,Splice_Site,TCGA-17-Z021-01,TCGA-17-Z021
TP53,Splice_Site,TCGA-17-Z021-01,TCGA-17-Z021
TP53,Missense_Mutation,TCGA-17-Z022-01,TCGA-17-Z022
TP53,Nonsense_Mutation,TCGA-17-Z023-01,TCGA-17-Z023
TP53,Nonsense_Mutation,TCGA-17-Z026-01,TCGA-17-Z026
TP53,Missense_Mutation,TCGA-17-Z027-01,TCGA-17-Z027
TP53,Missense_Mutation,TCGA-17-Z028-01,TCGA-17-Z028
TP53,Missense_Mutation,TCGA-17-Z030-01,TCGA-17-Z030
TP53,Splice_Site,TCGA-17-Z031-01,TCGA-17-Z031
TP53,Missense_Mutation,TCGA-17-Z031-01,TCGA-17-Z031
TP53,Missense_Mutation,TCGA-17-Z037-01,TCGA-17-Z037
TP53,Missense_Mutation,TCGA-17-Z042-01,TCGA-17-Z042
TP53,Frame_Shift_Ins,TCGA-17-Z043-01,TCGA-17-Z043
TP53,Missense_Mutation,TCGA-17-Z044-01,TCGA-17-Z044
TP53,Missense_Mutation,TCGA-17-Z045-01,TCGA-17-Z045
TP53,Splice_Site,TCGA-17-Z047-01,TCGA-17-Z047
TP53,Missense_Mutation,TCGA-17-Z049-01,TCGA-17-Z049
TP53,Nonsense_Mutation,TCGA-17-Z050-01,TCGA-17-Z050
TP53,Missense_Mutation,TCGA-17-Z052-01,TCGA-17-Z052
TP53,Missense_Mutation,TCGA-17-Z053-01,TCGA-17-Z053
TP53,Missense_Mutation,TCGA-17-Z055-01,TCGA-17-Z055
TP53,Missense_Mutation,TCGA-17-Z056-01,TCGA-17-Z056
TP53,Missense_Mutation,TCGA-17-Z057-01,TCGA-17-Z057
TP53,Nonsense_Mutation,TCGA-17-Z061-01,TCGA-17-Z061
TP53,Nonsense_Mutation,TCGA-17-Z062-01,TCGA-17-Z062
TP53,Missense_Mutation,TCGA-35-4122-01,TCGA-35-4122
TP53,Splice_Site,TCGA-35-4122-01,TCGA-35-4122
TP53,Nonsense_Mutation,TCGA-35-4123-01,TCGA-35-4123
TP53,Missense_Mutation,TCGA-35-5375-01,TCGA-35-5375
TP53,Missense_Mutation,TCGA-38-4632-01,TCGA-38-4632
TP53,Missense_Mutation,TCGA-38-6178-01,TCGA-38-6178
TP53,Frame_Shift_Del,TCGA-44-2656-01,TCGA-44-2656
TP53,Frame_Shift_Del,TCGA-44-2656-01,TCGA-44-2656
TP53,Splice_Site,TCGA-44-2659-01,TCGA-44-2659
TP53,Splice_Site,TCGA-44-2659-01,TCGA-44-2659
TP53,Missense_Mutation,TCGA-44-2662-01,TCGA-44-2662
TP53,Missense_Mutation,TCGA-44-2662-01,TCGA-44-2662
TP53,Nonsense_Mutation,TCGA-44-2668-01,TCGA-44-2668
TP53,Nonsense_Mutation,TCGA-44-2668-01,TCGA-44-2668
TP53,Missense_Mutation,TCGA-44-3396-01,TCGA-44-3396
TP53,Missense_Mutation,TCGA-44-3396-01,TCGA-44-3396
TP53,Missense_Mutation,TCGA-44-3917-01,TCGA-44-3917
TP53,Splice_Site,TCGA-44-3918-01,TCGA-44-3918
TP53,Splice_Site,TCGA-44-3918-01,TCGA-44-3918
TP53,Missense_Mutation,TCGA-44-5644-01,TCGA-44-5644
TP53,Missense_Mutation,TCGA-44-5644-01,TCGA-44-5644
TP53,Nonsense_Mutation,TCGA-44-5645-01,TCGA-44-5645
TP53,Nonsense_Mutation,TCGA-44-5645-01,TCGA-44-5645
TP53,Missense_Mutation,TCGA-44-6144-01,TCGA-44-6144
TP53,Missense_Mutation,TCGA-44-6144-01,TCGA-44-6144
TP53,Splice_Site,TCGA-44-6145-01,TCGA-44-6145
TP53,Splice_Site,TCGA-44-6145-01,TCGA-44-6145
TP53,Missense_Mutation,TCGA-44-6774-01,TCGA-44-6774
TP53,Missense_Mutation,TCGA-44-6774-01,TCGA-44-6774
TP53,Missense_Mutation,TCGA-44-6775-01,TCGA-44-6775
TP53,Missense_Mutation,TCGA-44-6775-01,TCGA-44-6775
TP53,Missense_Mutation,TCGA-44-6777-01,TCGA-44-6777
TP53,Missense_Mutation,TCGA-44-6777-01,TCGA-44-6777
TP53,Missense_Mutation,TCGA-44-6778-01,TCGA-44-6778
TP53,Missense_Mutation,TCGA-44-6778-01,TCGA-44-6778
TP53,Missense_Mutation,TCGA-44-6779-01,TCGA-44-6779
TP53,Nonsense_Mutation,TCGA-44-7660-01,TCGA-44-7660
TP53,Nonsense_Mutation,TCGA-44-7660-01,TCGA-44-7660
TP53,Nonsense_Mutation,TCGA-44-7661-01,TCGA-44-7661
TP53,Nonsense_Mutation,TCGA-44-7661-01,TCGA-44-7661
TP53,Nonsense_Mutation,TCGA-44-7662-01,TCGA-44-7662
TP53,Nonsense_Mutation,TCGA-44-7662-01,TCGA-44-7662
TP53,Splice_Site,TCGA-44-7667-01,TCGA-44-7667
TP53,Splice_Site,TCGA-44-7667-01,TCGA-44-7667
TP53,Missense_Mutation,TCGA-44-7670-01,TCGA-44-7670
TP53,Missense_Mutation,TCGA-44-7670-01,TCGA-44-7670
TP53,Nonsense_Mutation,TCGA-44-8117-01,TCGA-44-8117
TP53,Nonsense_Mutation,TCGA-44-8120-01,TCGA-44-8120
TP53,Missense_Mutation,TCGA-44-A479-01,TCGA-44-A479
TP53,Missense_Mutation,TCGA-44-A47G-01,TCGA-44-A47G
TP53,Missense_Mutation,TCGA-44-A4SS-01,TCGA-44-A4SS
TP53,Missense_Mutation,TCGA-44-A4SS-01,TCGA-44-A4SS
TP53,Nonsense_Mutation,TCGA-44-A4SU-01,TCGA-44-A4SU
TP53,Frame_Shift_Del,TCGA-49-4487-01,TCGA-49-4487
TP53,Missense_Mutation,TCGA-49-4487-01,TCGA-49-4487
TP53,Nonsense_Mutation,TCGA-49-4490-01,TCGA-49-4490
TP53,Missense_Mutation,TCGA-49-4505-01,TCGA-49-4505
TP53,Missense_Mutation,TCGA-49-4514-01,TCGA-49-4514
TP53,Nonsense_Mutation,TCGA-49-6767-01,TCGA-49-6767
TP53,Missense_Mutation,TCGA-49-AAQV-01,TCGA-49-AAQV
TP53,Nonsense_Mutation,TCGA-49-AAR0-01,TCGA-49-AAR0
TP53,Frame_Shift_Del,TCGA-49-AAR3-01,TCGA-49-AAR3
TP53,Missense_Mutation,TCGA-49-AAR4-01,TCGA-49-AAR4
TP53,Missense_Mutation,TCGA-49-AAR9-01,TCGA-49-AAR9
TP53,Missense_Mutation,TCGA-49-AARE-01,TCGA-49-AARE
TP53,Missense_Mutation,TCGA-49-AARN-01,TCGA-49-AARN
TP53,Missense_Mutation,TCGA-49-AARQ-01,TCGA-49-AARQ
TP53,Missense_Mutation,TCGA-4B-A93V-01,TCGA-4B-A93V
TP53,Nonsense_Mutation,TCGA-50-5045-01,TCGA-50-5045
TP53,Nonsense_Mutation,TCGA-50-5049-01,TCGA-50-5049
TP53,Missense_Mutation,TCGA-50-5066-01,TCGA-50-5066
TP53,Missense_Mutation,TCGA-50-5068-01,TCGA-50-5068
TP53,Missense_Mutation,TCGA-50-5930-01,TCGA-50-5930
TP53,Nonsense_Mutation,TCGA-50-5931-01,TCGA-50-5931
TP53,Splice_Site,TCGA-50-5933-01,TCGA-50-5933
TP53,Missense_Mutation,TCGA-50-5933-01,TCGA-50-5933
TP53,Missense_Mutation,TCGA-50-5939-01,TCGA-50-5939
TP53,Nonsense_Mutation,TCGA-50-5944-01,TCGA-50-5944
TP53,Frame_Shift_Del,TCGA-50-5946-01,TCGA-50-5946
TP53,Splice_Site,TCGA-50-6590-01,TCGA-50-6590
TP53,Frame_Shift_Del,TCGA-50-6591-01,TCGA-50-6591
TP53,Missense_Mutation,TCGA-50-6592-01,TCGA-50-6592
TP53,Splice_Site,TCGA-50-6593-01,TCGA-50-6593
TP53,Missense_Mutation,TCGA-50-6594-01,TCGA-50-6594
TP53,Nonsense_Mutation,TCGA-50-6595-01,TCGA-50-6595
TP53,Missense_Mutation,TCGA-50-6595-01,TCGA-50-6595
TP53,Missense_Mutation,TCGA-50-6673-01,TCGA-50-6673
TP53,Missense_Mutation,TCGA-50-8460-01,TCGA-50-8460
TP53,Splice_Site,TCGA-53-7624-01,TCGA-53-7624
TP53,Missense_Mutation,TCGA-53-7626-01,TCGA-53-7626
TP53,Missense_Mutation,TCGA-53-A4EZ-01,TCGA-53-A4EZ
TP53,Missense_Mutation,TCGA-55-1592-01,TCGA-55-1592
TP53,Nonsense_Mutation,TCGA-55-1594-01,TCGA-55-1594
TP53,Missense_Mutation,TCGA-55-1596-01,TCGA-55-1596
TP53,Frame_Shift_Del,TCGA-55-5899-01,TCGA-55-5899
TP53,Frame_Shift_Del,TCGA-55-6712-01,TCGA-55-6712
TP53,Frame_Shift_Del,TCGA-55-6968-01,TCGA-55-6968
TP53,Missense_Mutation,TCGA-55-6969-01,TCGA-55-6969
TP53,Frame_Shift_Del,TCGA-55-6975-01,TCGA-55-6975
TP53,Missense_Mutation,TCGA-55-6979-01,TCGA-55-6979
TP53,Missense_Mutation,TCGA-55-6979-01,TCGA-55-6979
TP53,Frame_Shift_Del,TCGA-55-6980-01,TCGA-55-6980
TP53,Missense_Mutation,TCGA-55-6985-01,TCGA-55-6985
TP53,Missense_Mutation,TCGA-55-7227-01,TCGA-55-7227
TP53,Nonsense_Mutation,TCGA-55-7283-01,TCGA-55-7283
TP53,Nonsense_Mutation,TCGA-55-7283-01,TCGA-55-7283
TP53,Missense_Mutation,TCGA-55-7570-01,TCGA-55-7570
TP53,Missense_Mutation,TCGA-55-7570-01,TCGA-55-7570
TP53,Missense_Mutation,TCGA-55-7573-01,TCGA-55-7573
TP53,Nonsense_Mutation,TCGA-55-7574-01,TCGA-55-7574
TP53,Nonsense_Mutation,TCGA-55-7574-01,TCGA-55-7574
TP53,Nonsense_Mutation,TCGA-55-7576-01,TCGA-55-7576
TP53,Nonsense_Mutation,TCGA-55-7576-01,TCGA-55-7576
TP53,Nonsense_Mutation,TCGA-55-7726-01,TCGA-55-7726
TP53,Nonsense_Mutation,TCGA-55-7727-01,TCGA-55-7727
TP53,Missense_Mutation,TCGA-55-7903-01,TCGA-55-7903
TP53,Frame_Shift_Del,TCGA-55-7903-01,TCGA-55-7903
TP53,Missense_Mutation,TCGA-55-7907-01,TCGA-55-7907
TP53,Missense_Mutation,TCGA-55-7910-01,TCGA-55-7910
TP53,Missense_Mutation,TCGA-55-7911-01,TCGA-55-7911
TP53,Frame_Shift_Del,TCGA-55-7914-01,TCGA-55-7914
TP53,Missense_Mutation,TCGA-55-7994-01,TCGA-55-7994
TP53,Missense_Mutation,TCGA-55-7995-01,TCGA-55-7995
TP53,Nonsense_Mutation,TCGA-55-8085-01,TCGA-55-8085
TP53,Missense_Mutation,TCGA-55-8089-01,TCGA-55-8089
TP53,Missense_Mutation,TCGA-55-8092-01,TCGA-55-8092
TP53,Nonsense_Mutation,TCGA-55-8094-01,TCGA-55-8094
TP53,Nonsense_Mutation,TCGA-55-8096-01,TCGA-55-8096
TP53,Splice_Site,TCGA-55-8204-01,TCGA-55-8204
TP53,Missense_Mutation,TCGA-55-8205-01,TCGA-55-8205
TP53,Missense_Mutation,TCGA-55-8208-01,TCGA-55-8208
TP53,Missense_Mutation,TCGA-55-8301-01,TCGA-55-8301
TP53,Missense_Mutation,TCGA-55-8301-01,TCGA-55-8301
TP53,Nonsense_Mutation,TCGA-55-8302-01,TCGA-55-8302
TP53,Missense_Mutation,TCGA-55-8506-01,TCGA-55-8506
TP53,Nonsense_Mutation,TCGA-55-8507-01,TCGA-55-8507
TP53,Nonsense_Mutation,TCGA-55-8510-01,TCGA-55-8510
TP53,Frame_Shift_Del,TCGA-55-8511-01,TCGA-55-8511
TP53,Missense_Mutation,TCGA-55-8514-01,TCGA-55-8514
TP53,Missense_Mutation,TCGA-55-8614-01,TCGA-55-8614
TP53,Nonsense_Mutation,TCGA-55-8616-01,TCGA-55-8616
TP53,Missense_Mutation,TCGA-55-8620-01,TCGA-55-8620
TP53,Missense_Mutation,TCGA-55-A48X-01,TCGA-55-A48X
TP53,Missense_Mutation,TCGA-55-A48Z-01,TCGA-55-A48Z
TP53,Missense_Mutation,TCGA-55-A491-01,TCGA-55-A491
TP53,Missense_Mutation,TCGA-55-A493-01,TCGA-55-A493
TP53,Splice_Site,TCGA-55-A4DF-01,TCGA-55-A4DF
TP53,Missense_Mutation,TCGA-55-A4DG-01,TCGA-55-A4DG
TP53,Missense_Mutation,TCGA-55-A57B-01,TCGA-55-A57B
TP53,Missense_Mutation,TCGA-62-8394-01,TCGA-62-8394
TP53,Missense_Mutation,TCGA-62-8399-01,TCGA-62-8399
TP53,Missense_Mutation,TCGA-62-8402-01,TCGA-62-8402
TP53,Splice_Site,TCGA-62-A46O-01,TCGA-62-A46O
TP53,Nonsense_Mutation,TCGA-62-A46R-01,TCGA-62-A46R
TP53,Missense_Mutation,TCGA-62-A46U-01,TCGA-62-A46U
TP53,Missense_Mutation,TCGA-62-A46Y-01,TCGA-62-A46Y
TP53,Missense_Mutation,TCGA-62-A471-01,TCGA-62-A471
TP53,Frame_Shift_Del,TCGA-62-A472-01,TCGA-62-A472
TP53,Frame_Shift_Del,TCGA-64-1676-01,TCGA-64-1676
TP53,Missense_Mutation,TCGA-64-1677-01,TCGA-64-1677
TP53,Frame_Shift_Del,TCGA-64-1677-01,TCGA-64-1677
TP53,Missense_Mutation,TCGA-64-1679-01,TCGA-64-1679
TP53,Missense_Mutation,TCGA-64-1681-01,TCGA-64-1681
TP53,Missense_Mutation,TCGA-64-5775-01,TCGA-64-5775
TP53,Missense_Mutation,TCGA-64-5778-01,TCGA-64-5778
TP53,Missense_Mutation,TCGA-67-3770-01,TCGA-67-3770
TP53,Missense_Mutation,TCGA-67-3771-01,TCGA-67-3771
TP53,Missense_Mutation,TCGA-69-7760-01,TCGA-69-7760
TP53,Nonsense_Mutation,TCGA-69-7765-01,TCGA-69-7765
TP53,Missense_Mutation,TCGA-69-7974-01,TCGA-69-7974
TP53,Nonsense_Mutation,TCGA-69-7978-01,TCGA-69-7978
TP53,In_Frame_Del,TCGA-69-7979-01,TCGA-69-7979
TP53,Missense_Mutation,TCGA-69-7980-01,TCGA-69-7980
TP53,Missense_Mutation,TCGA-69-A59K-01,TCGA-69-A59K
TP53,Frame_Shift_Del,TCGA-71-8520-01,TCGA-71-8520
TP53,Missense_Mutation,TCGA-73-4666-01,TCGA-73-4666
TP53,Splice_Site,TCGA-73-4670-01,TCGA-73-4670
TP53,Missense_Mutation,TCGA-73-4676-01,TCGA-73-4676
TP53,Nonsense_Mutation,TCGA-73-7499-01,TCGA-73-7499
TP53,Missense_Mutation,TCGA-75-5125-01,TCGA-75-5125
TP53,Missense_Mutation,TCGA-75-5146-01,TCGA-75-5146
TP53,Missense_Mutation,TCGA-75-5146-01,TCGA-75-5146
TP53,Missense_Mutation,TCGA-75-5147-01,TCGA-75-5147
TP53,Nonsense_Mutation,TCGA-75-6207-01,TCGA-75-6207
TP53,Frame_Shift_Ins,TCGA-75-6211-01,TCGA-75-6211
TP53,Missense_Mutation,TCGA-75-6214-01,TCGA-75-6214
TP53,In_Frame_Del,TCGA-75-7031-01,TCGA-75-7031
TP53,Missense_Mutation,TCGA-78-7145-01,TCGA-78-7145
TP53,Missense_Mutation,TCGA-78-7146-01,TCGA-78-7146
TP53,Nonsense_Mutation,TCGA-78-7147-01,TCGA-78-7147
TP53,Missense_Mutation,TCGA-78-7149-01,TCGA-78-7149
TP53,Missense_Mutation,TCGA-78-7150-01,TCGA-78-7150
TP53,Missense_Mutation,TCGA-78-7154-01,TCGA-78-7154
TP53,Missense_Mutation,TCGA-78-7155-01,TCGA-78-7155
TP53,Missense_Mutation,TCGA-78-7220-01,TCGA-78-7220
TP53,Nonsense_Mutation,TCGA-78-7535-01,TCGA-78-7535
TP53,Missense_Mutation,TCGA-78-7536-01,TCGA-78-7536
TP53,Missense_Mutation,TCGA-78-7540-01,TCGA-78-7540
TP53,Frame_Shift_Del,TCGA-78-7542-01,TCGA-78-7542
TP53,Missense_Mutation,TCGA-78-8640-01,TCGA-78-8640
TP53,Frame_Shift_Del,TCGA-78-8660-01,TCGA-78-8660
TP53,Nonsense_Mutation,TCGA-78-8662-01,TCGA-78-8662
TP53,Missense_Mutation,TCGA-83-5908-01,TCGA-83-5908
TP53,Missense_Mutation,TCGA-86-6851-01,TCGA-86-6851
TP53,Nonsense_Mutation,TCGA-86-7701-01,TCGA-86-7701
TP53,Missense_Mutation,TCGA-86-7711-01,TCGA-86-7711
TP53,Missense_Mutation,TCGA-86-7711-01,TCGA-86-7711
TP53,Missense_Mutation,TCGA-86-7954-01,TCGA-86-7954
TP53,Missense_Mutation,TCGA-86-8055-01,TCGA-86-8055
TP53,Missense_Mutation,TCGA-86-8056-01,TCGA-86-8056
TP53,Nonsense_Mutation,TCGA-86-8073-01,TCGA-86-8073
TP53,Missense_Mutation,TCGA-86-8074-01,TCGA-86-8074
TP53,Splice_Site,TCGA-86-8075-01,TCGA-86-8075
TP53,Missense_Mutation,TCGA-86-8279-01,TCGA-86-8279
TP53,Missense_Mutation,TCGA-86-8280-01,TCGA-86-8280
TP53,Missense_Mutation,TCGA-86-8358-01,TCGA-86-8358
TP53,Frame_Shift_Del,TCGA-86-8585-01,TCGA-86-8585
TP53,Frame_Shift_Ins,TCGA-86-8672-01,TCGA-86-8672
TP53,Missense_Mutation,TCGA-86-8673-01,TCGA-86-8673
TP53,In_Frame_Del,TCGA-86-A4JF-01,TCGA-86-A4JF
TP53,Frame_Shift_Del,TCGA-86-A4JF-01,TCGA-86-A4JF
TP53,Missense_Mutation,TCGA-86-A4P7-01,TCGA-86-A4P7
TP53,Missense_Mutation,TCGA-91-6831-01,TCGA-91-6831
TP53,Nonsense_Mutation,TCGA-91-6836-01,TCGA-91-6836
TP53,Missense_Mutation,TCGA-91-6840-01,TCGA-91-6840
TP53,Missense_Mutation,TCGA-91-6847-01,TCGA-91-6847
TP53,Missense_Mutation,TCGA-91-6848-01,TCGA-91-6848
TP53,In_Frame_Del,TCGA-91-8499-01,TCGA-91-8499
TP53,Splice_Site,TCGA-91-A4BC-01,TCGA-91-A4BC
TP53,Missense_Mutation,TCGA-93-8067-01,TCGA-93-8067
TP53,Missense_Mutation,TCGA-93-A4JN-01,TCGA-93-A4JN
TP53,Missense_Mutation,TCGA-93-A4JO-01,TCGA-93-A4JO
TP53,Nonsense_Mutation,TCGA-93-A4JP-01,TCGA-93-A4JP
TP53,Missense_Mutation,TCGA-95-7039-01,TCGA-95-7039
TP53,Missense_Mutation,TCGA-95-7043-01,TCGA-95-7043
TP53,Splice_Site,TCGA-95-7562-01,TCGA-95-7562
TP53,Missense_Mutation,TCGA-95-7567-01,TCGA-95-7567
TP53,Missense_Mutation,TCGA-95-7944-01,TCGA-95-7944
TP53,Missense_Mutation,TCGA-95-7947-01,TCGA-95-7947
TP53,Missense_Mutation,TCGA-95-8039-01,TCGA-95-8039
TP53,Missense_Mutation,TCGA-95-8494-01,TCGA-95-8494
TP53,Missense_Mutation,TCGA-97-7553-01,TCGA-97-7553
TP53,Missense_Mutation,TCGA-97-7554-01,TCGA-97-7554
TP53,Missense_Mutation,TCGA-97-7937-01,TCGA-97-7937
TP53,Splice_Site,TCGA-97-7938-01,TCGA-97-7938
TP53,Missense_Mutation,TCGA-97-8175-01,TCGA-97-8175
TP53,Missense_Mutation,TCGA-97-8179-01,TCGA-97-8179
TP53,Splice_Site,TCGA-97-8547-01,TCGA-97-8547
TP53,Missense_Mutation,TCGA-97-A4LX-01,TCGA-97-A4LX
TP53,In_Frame_Del,TCGA-97-A4M1-01,TCGA-97-A4M1
TP53,Splice_Site,TCGA-99-7458-01,TCGA-99-7458
TP53,Missense_Mutation,TCGA-99-8025-01,TCGA-99-8025
TP53,Missense_Mutation,TCGA-99-8028-01,TCGA-99-8028
TP53,Nonsense_Mutation,TCGA-99-8033-01,TCGA-99-8033
TP53,Missense_Mutation,TCGA-J2-A4AD-01,TCGA-J2-A4AD
TP53,Missense_Mutation,TCGA-J2-A4AD-01,TCGA-J2-A4AD
TP53,Missense_Mutation,TCGA-L4-A4E5-01,TCGA-L4-A4E5
TP53,Missense_Mutation,TCGA-L9-A444-01,TCGA-L9-A444
TP53,Missense_Mutation,TCGA-L9-A5IP-01,TCGA-L9-A5IP
TP53,Missense_Mutation,TCGA-L9-A743-01,TCGA-L9-A743
TP53,Missense_Mutation,TCGA-L9-A7SV-01,TCGA-L9-A7SV
TP53,Missense_Mutation,TCGA-L9-A7SV-01,TCGA-L9-A7SV
TP53,Missense_Mutation,TCGA-L9-A8F4-01,TCGA-L9-A8F4
TP53,Missense_Mutation,TCGA-MN-A4N1-01,TCGA-MN-A4N1
TP53,Missense_Mutation,TCGA-MN-A4N4-01,TCGA-MN-A4N4
TP53,Nonsense_Mutation,TCGA-MN-A4N5-01,TCGA-MN-A4N5
TP53,Missense_Mutation,TCGA-MP-A4SV-01,TCGA-MP-A4SV
TP53,Missense_Mutation,TCGA-MP-A4T4-01,TCGA-MP-A4T4
TP53,Missense_Mutation,TCGA-MP-A4TA-01,TCGA-MP-A4TA
TP53,Missense_Mutation,TCGA-MP-A4TC-01,TCGA-MP-A4TC
TP53,Missense_Mutation,TCGA-MP-A4TF-01,TCGA-MP-A4TF
TP53,Missense_Mutation,TCGA-MP-A4TI-01,TCGA-MP-A4TI
TP53,Missense_Mutation,TCGA-MP-A4TK-01,TCGA-MP-A4TK
TP53,Nonsense_Mutation,TCGA-NJ-A4YF-01,TCGA-NJ-A4YF
TP53,Nonsense_Mutation,TCGA-O1-A52J-01,TCGA-O1-A52J
